<?xml version="1.0" encoding="UTF-8" standalone="yes"?>
<addon id="plugin.audio.pandoki"
	name="Pandoki"
	version="0.9.5"
	provider-name="gominoa, rocky4546, crwolff">
	<requires>
		<import addon="xbmc.python" version="2.25.0"/>
	</requires>
	<extension point="xbmc.python.pluginsource" library="default.py">
		<provides>audio</provides>
	</extension>
	<extension point="xbmc.addon.metadata">
		<summary lang="en">Pandora Internet Radio</summary>
		<description lang="en">Pandora Internet Radio</description>
		<disclaimer lang="en">Ain't my fault</disclaimer>
		<language></language>
		<platform>all</platform>
		<license>GNU GENERAL PUBLIC LICENSE Version 3, 29 June 2007</license>
		<forum>http://forum.xbmc.org/showthread.php?tid=205547</forum>
		<website></website>
		<email></email>
		<source>https://github.com/crwolff/crwolff-kodi-addons</source>
	</extension>
</addon>
