﻿<?xml version="1.0" encoding="UTF-8" standalone="yes"?>
<addon id="repository.crwolff" name="crwolff's Kodi Addons" version="0.1.2" provider-name="crwolff">
	<extension point="xbmc.addon.repository" name="crwolff's Kodi Addon Repository">
		<info compressed="false">https://raw.githubusercontent.com/crwolff/crwolff-kodi-addons/master/addons.xml</info>
		<checksum>https://raw.githubusercontent.com/crwolff/crwolff-kodi-addons/master/addons.xml.md5</checksum>
		<datadir zip="true">https://raw.githubusercontent.com/crwolff/crwolff-kodi-addons/master/repo</datadir>
	</extension>
	<extension point="xbmc.addon.metadata">
		<summary lang="en">Install crwolff's Addons</summary>
		<description lang="en">Download and install addons by crwolff</description>
		<platform>all</platform>
	</extension>
</addon>
